"Data Source","World Development Indicators",

"Last Updated Date","2021-12-16",

"Country Name","Country Code","Indicator Name","Indicator Code","1960","1961","1962","1963","1964","1965","1966","1967","1968","1969","1970","1971","1972","1973","1974","1975","1976","1977","1978","1979","1980","1981","1982","1983","1984","1985","1986","1987","1988","1989","1990","1991","1992","1993","1994","1995","1996","1997","1998","1999","2000","2001","2002","2003","2004","2005","2006","2007","2008","2009","2010","2011","2012","2013","2014","2015","2016","2017","2018","2019","2020",
"Aruba","ABW","Risk of impoverishing expenditure for surgical care (% of people at risk)","SH.SGR.IRSK.ZS","","","","","","","","","","","","","","","","","","","","","","","","","","","","","","","","","","","","","","","","","","","","","","","","","","","","","","","","","","","","","",
"Africa Eastern and Southern","AFE","Risk of impoverishing expenditure for surgical care (% of people at risk)","SH.SGR.IRSK.ZS","","","","","","","","","","","","","","","","","","","","","","","","","","","","","","","","","","","","","","","","","","","","","","","","","","63.9411736472905","62.731098746753","62.4647400454408","61.7006146444611","61.4463567481353","60.9743851545531","59.6942365997806","59.2796905387519","59.1293157337574","60.3736294805054","60.1059608884788","58.6572067185496",
"Afghanistan","AFG","Risk of impoverishing expenditure for surgical care (% of people at risk)","SH.SGR.IRSK.ZS","","","","","","","","","","","","","","","","","","","","","","","","","","","","","","","","","","","","","","","","","","","","","","","","","","","","","","","","","","","","","",
"Africa Western and Central","AFW","Risk of impoverishing expenditure for surgical care (% of people at risk)","SH.SGR.IRSK.ZS","","","","","","","","","","","","","","","","","","","","","","","","","","","","","","","","","","","","","","","","","","","","39.3235423910423","37.9411855741826","","","39.0512849960815","41.2012054920365","42.3199259610491","41.7750887502266","42.8583633191146","42.5530921400588","38.5682424326665","39.4569728872968","38.4221713642581","40.4537703140706","41.3869087312672","36.1419684152211","35.6341612254016","38.1418438090968",
"Angola","AGO","Risk of impoverishing expenditure for surgical care (% of people at risk)","SH.SGR.IRSK.ZS","","","","","","","","","","","","","","","","","","","","","","","","","","","","","","","","","","","","","","","","","","","","49.5","50.4","47.9","46.7","45.3","33.1","30.8","31.2","30","27.1","26.5","24.4","25.8","25","25.1","36.5","36.6","39",
"Albania","ALB","Risk of impoverishing expenditure for surgical care (% of people at risk)","SH.SGR.IRSK.ZS","","","","","","","","","","","","","","","","","","","","","","","","","","","","","","","","","","","","","","","","","","","","","","","","","","","","","","","","","","","","","",
"Andorra","AND","Risk of impoverishing expenditure for surgical care (% of people at risk)","SH.SGR.IRSK.ZS","","","","","","","","","","","","","","","","","","","","","","","","","","","","","","","","","","","","","","","","","","","","","","","","","","","","","","","","","","","","","",
"Arab World","ARB","Risk of impoverishing expenditure for surgical care (% of people at risk)","SH.SGR.IRSK.ZS","","","","","","","","","","","","","","","","","","","","","","","","","","","","","","","","","","","","","","","","","","","","","","","","","","18.9579590387761","18.7983755025887","16.8630216116989","16.4634192991381","15.9953137105764","15.1814183409967","14.8249439748417","15.377427328567","14.0840619347321","14.5794060272302","","",
"United Arab Emirates","ARE","Risk of impoverishing expenditure for surgical care (% of people at risk)","SH.SGR.IRSK.ZS","","","","","","","","","","","","","","","","","","","","","","","","","","","","","","","","","","","","","","","","","","","","","","","","","","","","","","","0.2","0.3","0.4","0.3","0.3","0.2","0.1",
"Argentina","ARG","Risk of impoverishing expenditure for surgical care (% of people at risk)","SH.SGR.IRSK.ZS","","","","","","","","","","","","","","","","","","","","","","","","","","","","","","","","","","","","","","","","","","","","16.3","12.3","11.6","9.5","8.3","6.4","6.1","5.5","3.9","3.4","3.1","3.8","3.6","3.8","3.1","3.6","3.8","4.3",
"Armenia","ARM","Risk of impoverishing expenditure for surgical care (% of people at risk)","SH.SGR.IRSK.ZS","","","","","","","","","","","","","","","","","","","","","","","","","","","","","","","","","","","","","","","","","","","","15.7","16.5","12.6","5.6","5.9","3.9","4.1","5.3","3.9","3.2","4.1","4.5","6.4","6.2","5.7","5.5","4.6","3.5",
"American Samoa","ASM","Risk of impoverishing expenditure for surgical care (% of people at risk)","SH.SGR.IRSK.ZS","","","","","","","","","","","","","","","","","","","","","","","","","","","","","","","","","","","","","","","","","","","","","","","","","","","","","","","","","","","","","",
"Antigua and Barbuda","ATG","Risk of impoverishing expenditure for surgical care (% of people at risk)","SH.SGR.IRSK.ZS","","","","","","","","","","","","","","","","","","","","","","","","","","","","","","","","","","","","","","","","","","","","","","","","","","","","","","","","","","","","","",
"Australia","AUS","Risk of impoverishing expenditure for surgical care (% of people at risk)","SH.SGR.IRSK.ZS","","","","","","","","","","","","","","","","","","","","","","","","","","","","","","","","","","","","","","","","","","","","0.1","0","0","0","0","0.1","0.1","0.1","0.1","0.1","0.1","0","0","0","0","0","0","0",
"Austria","AUT","Risk of impoverishing expenditure for surgical care (% of people at risk)","SH.SGR.IRSK.ZS","","","","","","","","","","","","","","","","","","","","","","","","","","","","","","","","","","","","","","","","","","","","0","0","0","0","0","0","0","0","0","0","0","0","0","0","0","0","0","0",
"Azerbaijan","AZE","Risk of impoverishing expenditure for surgical care (% of people at risk)","SH.SGR.IRSK.ZS","","","","","","","","","","","","","","","","","","","","","","","","","","","","","","","","","","","","","","","","","","","","44.1","40.8","33.8","23.3","12.4","11.8","8.8","14.4","9.4","7.3","8.7","7.9","8.2","7.7","7.8","7.4","6.9","6.3",
"Burundi","BDI","Risk of impoverishing expenditure for surgical care (% of people at risk)","SH.SGR.IRSK.ZS","","","","","","","","","","","","","","","","","","","","","","","","","","","","","","","","","","","","","","","","","","","","98.4","98.5","98.7","99.3","99","98.9","98.7","99","99","98.9","97.4","97","97.4","97.7","98.2","98.4","98.2","",
"Belgium","BEL","Risk of impoverishing expenditure for surgical care (% of people at risk)","SH.SGR.IRSK.ZS","","","","","","","","","","","","","","","","","","","","","","","","","","","","","","","","","","","","","","","","","","","","0","0","0","0","0","0","0","0","0","0","0","0","0","0","0","0","0","0",
"Benin","BEN","Risk of impoverishing expenditure for surgical care (% of people at risk)","SH.SGR.IRSK.ZS","","","","","","","","","","","","","","","","","","","","","","","","","","","","","","","","","","","","","","","","","","","","44.8","44.6","43.2","43.8","42","42.6","41.3","41.4","44.3","46.4","45.6","44.9","45.8","47.7","46.6","47.3","47","46",
"Burkina Faso","BFA","Risk of impoverishing expenditure for surgical care (% of people at risk)","SH.SGR.IRSK.ZS","","","","","","","","","","","","","","","","","","","","","","","","","","","","","","","","","","","","","","","","","","","","74.8","72.1","71.3","69.7","67.9","66.4","67.1","65.1","64.3","62.5","60.4","60.2","58.7","58.4","59","58.7","57.1","54.2",
"Bangladesh","BGD","Risk of impoverishing expenditure for surgical care (% of people at risk)","SH.SGR.IRSK.ZS","","","","","","","","","","","","","","","","","","","","","","","","","","","","","","","","","","","","","","","","","","","","79.8","80.6","77.1","77","71.9","69.1","69.3","68.9","64.9","65.3","62.7","61.1","57.8","56.8","54.5","48.7","45.8","43.8",
"Bulgaria","BGR","Risk of impoverishing expenditure for surgical care (% of people at risk)","SH.SGR.IRSK.ZS","","","","","","","","","","","","","","","","","","","","","","","","","","","","","","","","","","","","","","","","","","","","","","","3.5","3.2","1.6","2","2.9","2.2","2.9","3","3.2","3.5","4.8","3.9","3.8","3.4","3.2",
"Bahrain","BHR","Risk of impoverishing expenditure for surgical care (% of people at risk)","SH.SGR.IRSK.ZS","","","","","","","","","","","","","","","","","","","","","","","","","","","","","","","","","","","","","","","","","","","","","","","","","","","","","","","","","","","","","",
"Bahamas, The","BHS","Risk of impoverishing expenditure for surgical care (% of people at risk)","SH.SGR.IRSK.ZS","","","","","","","","","","","","","","","","","","","","","","","","","","","","","","","","","","","","","","","","","","","","","","","","","","","","","","","","","","","","","",
"Bosnia and Herzegovina","BIH","Risk of impoverishing expenditure for surgical care (% of people at risk)","SH.SGR.IRSK.ZS","","","","","","","","","","","","","","","","","","","","","","","","","","","","","","","","","","","","","","","","","","","","","","","","2.4","2.2","2.2","2.1","2.1","2.2","2","1.8","1.6","1.6","1.5","1.3","1.2","1.2",
"Belarus","BLR","Risk of impoverishing expenditure for surgical care (% of people at risk)","SH.SGR.IRSK.ZS","","","","","","","","","","","","","","","","","","","","","","","","","","","","","","","","","","","","","","","","","","","","8.4","5.2","4.8","4","3.3","1.7","2","1.8","1.1","0.7","0.5","0.5","0.4","0.3","0.3","0.2","0.1","0.1",
"Belize","BLZ","Risk of impoverishing expenditure for surgical care (% of people at risk)","SH.SGR.IRSK.ZS","","","","","","","","","","","","","","","","","","","","","","","","","","","","","","","","","","","","","","","","","","","","20","20.9","20.6","20.8","21.3","22.5","21.9","21.6","20.9","22.5","21","22.1","21.7","19.9","21.5","22.4","22.5","23.2",
"Bermuda","BMU","Risk of impoverishing expenditure for surgical care (% of people at risk)","SH.SGR.IRSK.ZS","","","","","","","","","","","","","","","","","","","","","","","","","","","","","","","","","","","","","","","","","","","","","","","","","","","","","","","","","","","","","",
"Bolivia","BOL","Risk of impoverishing expenditure for surgical care (% of people at risk)","SH.SGR.IRSK.ZS","","","","","","","","","","","","","","","","","","","","","","","","","","","","","","","","","","","","","","","","","","","","54.2","51.6","53","51.9","49.7","44.5","43","42.2","38.8","37.7","38.7","36.6","34.6","31.6","28.7","27.6","25.9","11.1",
"Brazil","BRA","Risk of impoverishing expenditure for surgical care (% of people at risk)","SH.SGR.IRSK.ZS","","","","","","","","","","","","","","","","","","","","","","","","","","","","","","","","","","","","","","","","","","","","20.5","20.8","19.4","19.2","17.3","15.4","14.6","13.9","12.9","13.1","12.2","11","11.8","13.3","13.3","13.3","13.4","13.4",
"Barbados","BRB","Risk of impoverishing expenditure for surgical care (% of people at risk)","SH.SGR.IRSK.ZS","","","","","","","","","","","","","","","","","","","","","","","","","","","","","","","","","","","","","","","","","","","","","","","","","","","","","","","","","","","","","",
"Brunei Darussalam","BRN","Risk of impoverishing expenditure for surgical care (% of people at risk)","SH.SGR.IRSK.ZS","","","","","","","","","","","","","","","","","","","","","","","","","","","","","","","","","","","","","","","","","","","","","","","","","","","","","","","","","","","","","",
"Bhutan","BTN","Risk of impoverishing expenditure for surgical care (% of people at risk)","SH.SGR.IRSK.ZS","","","","","","","","","","","","","","","","","","","","","","","","","","","","","","","","","","","","","","","","","","","","30.3","25.8","24.8","18.9","30.2","33.8","29.8","29.1","25.9","29.4","15.7","16.5","15.2","16.5","12.7","10.3","8.2","6.7",
"Botswana","BWA","Risk of impoverishing expenditure for surgical care (% of people at risk)","SH.SGR.IRSK.ZS","","","","","","","","","","","","","","","","","","","","","","","","","","","","","","","","","","","","","","","","","","","","41.3","40.9","40.6","40.2","37.5","35.2","29.3","27.6","26.9","26.8","26","26","17.2","17.4","16.3","16.6","16","6.5",
"Central African Republic","CAF","Risk of impoverishing expenditure for surgical care (% of people at risk)","SH.SGR.IRSK.ZS","","","","","","","","","","","","","","","","","","","","","","","","","","","","","","","","","","","","","","","","","","","","","","","","75","","","","","","","","","","","","","",
"Canada","CAN","Risk of impoverishing expenditure for surgical care (% of people at risk)","SH.SGR.IRSK.ZS","","","","","","","","","","","","","","","","","","","","","","","","","","","","","","","","","","","","","","","","","","","","0","0","0","0","0","0","0","0","0","0","0","0","0","0","0","0","0","0",
"Central Europe and the Baltics","CEB","Risk of impoverishing expenditure for surgical care (% of people at risk)","SH.SGR.IRSK.ZS","","","","","","","","","","","","","","","","","","","","","","","","","","","","","","","","","","","","","","","","","","","","","2.41931792974881","1.99940177676806","1.7123268244031","1.24307411077341","0.937646761399878","1.08636488336527","1.02176620957953","0.960374383298841","1.10951756649265","1.16915668520095","1.03014302585992","0.93463657293933","0.914067588298449","0.831335290596139","0.730329303492209","0.705459361201616","0.660470024871726",
"Switzerland","CHE","Risk of impoverishing expenditure for surgical care (% of people at risk)","SH.SGR.IRSK.ZS","","","","","","","","","","","","","","","","","","","","","","","","","","","","","","","","","","","","","","","","","","","","0","0","0","0.1","0.1","0.1","0","0","0","0","0","0","0","0","0","0","0","0",
"Channel Islands","CHI","Risk of impoverishing expenditure for surgical care (% of people at risk)","SH.SGR.IRSK.ZS","","","","","","","","","","","","","","","","","","","","","","","","","","","","","","","","","","","","","","","","","","","","","","","","","","","","","","","","","","","","","",
"Chile","CHL","Risk of impoverishing expenditure for surgical care (% of people at risk)","SH.SGR.IRSK.ZS","","","","","","","","","","","","","","","","","","","","","","","","","","","","","","","","","","","","","","","","","","","","13.5","12.9","12.3","8.5","7.7","10.6","6.7","6.5","5.2","4.9","4.6","4.5","3.7","3.6","3.4","3.4","7.9","8.5",
"China","CHN","Risk of impoverishing expenditure for surgical care (% of people at risk)","SH.SGR.IRSK.ZS","","","","","","","","","","","","","","","","","","","","","","","","","","","","","","","","","","","","","","","","","","","","50.3","47","43.4","40.3","36.6","35.1","30.8","28.1","23.9","20.6","15.1","14.2","11.4","10.2","9.3","7.4","6.7","6.1",
"Cote d'Ivoire","CIV","Risk of impoverishing expenditure for surgical care (% of people at risk)","SH.SGR.IRSK.ZS","","","","","","","","","","","","","","","","","","","","","","","","","","","","","","","","","","","","","","","","","","","","","","","","48.2","","","","","","","","","","","","","",
"Cameroon","CMR","Risk of impoverishing expenditure for surgical care (% of people at risk)","SH.SGR.IRSK.ZS","","","","","","","","","","","","","","","","","","","","","","","","","","","","","","","","","","","","","","","","","","","","47.1","46.3","46.8","45.3","44.6","44.8","44.8","45.3","44.9","43.9","43","44.1","43.8","","","44.4","41.8","39.3",
"Congo, Dem. Rep.","COD","Risk of impoverishing expenditure for surgical care (% of people at risk)","SH.SGR.IRSK.ZS","","","","","","","","","","","","","","","","","","","","","","","","","","","","","","","","","","","","","","","","","","","","","93.1","92.5","90.9","92.1","91.6","91.7","89.9","92.7","90","87.3","87","85.8","84.5","85.8","86.8","85.4","84.4",
"Congo, Rep.","COG","Risk of impoverishing expenditure for surgical care (% of people at risk)","SH.SGR.IRSK.ZS","","","","","","","","","","","","","","","","","","","","","","","","","","","","","","","","","","","","","","","","","","","","","","54.5","51.1","49.4","42.1","42.5","37.5","41.8","51.4","43.6","48.6","46.1","44.1","57.2","66.3","67.9","66.7",
"Colombia","COL","Risk of impoverishing expenditure for surgical care (% of people at risk)","SH.SGR.IRSK.ZS","","","","","","","","","","","","","","","","","","","","","","","","","","","","","","","","","","","","","","","","","","","","20.3","22.2","20.3","20","19.6","20.9","19.4","19.5","16.8","15.6","15.3","15.2","13.2","12.7","11.2","12.4","12","11.4",
"Comoros","COM","Risk of impoverishing expenditure for surgical care (% of people at risk)","SH.SGR.IRSK.ZS","","","","","","","","","","","","","","","","","","","","","","","","","","","","","","","","","","","","","","","","","","","","","46.5","47.2","47.3","47","47.5","45.5","46.7","44.7","45.6","44.3","35.4","34.8","35.1","34.2","34.3","34","34.2",
"Cabo Verde","CPV","Risk of impoverishing expenditure for surgical care (% of people at risk)","SH.SGR.IRSK.ZS","","","","","","","","","","","","","","","","","","","","","","","","","","","","","","","","","","","","","","","","","","","","","","","","20.2","20.8","20.5","20.5","20.6","19.9","19.3","20.1","15","14.8","13.6","13","12.6","11",
"Costa Rica","CRI","Risk of impoverishing expenditure for surgical care (% of people at risk)","SH.SGR.IRSK.ZS","","","","","","","","","","","","","","","","","","","","","","","","","","","","","","","","","","","","","","","","","","","","13.2","12.6","11.7","12.3","12.1","10.6","12.6","9.8","9.9","9","9.9","8.8","8.1","8.3","7.8","7.2","7.1","7.3",
"Caribbean small states","CSS","Risk of impoverishing expenditure for surgical care (% of people at risk)","SH.SGR.IRSK.ZS","","","","","","","","","","","","","","","","","","","","","","","","","","","","","","","","","","","","","","","","","","","","","","","","","","","","","","","","","","","","","",
"Cuba","CUB","Risk of impoverishing expenditure for surgical care (% of people at risk)","SH.SGR.IRSK.ZS","","","","","","","","","","","","","","","","","","","","","","","","","","","","","","","","","","","","","","","","","","","","","","","","","","","","","","","","","","","","","",
"Curacao","CUW","Risk of impoverishing expenditure for surgical care (% of people at risk)","SH.SGR.IRSK.ZS","","","","","","","","","","","","","","","","","","","","","","","","","","","","","","","","","","","","","","","","","","","","","","","","","","","","","","","","","","","","","",
"Cayman Islands","CYM","Risk of impoverishing expenditure for surgical care (% of people at risk)","SH.SGR.IRSK.ZS","","","","","","","","","","","","","","","","","","","","","","","","","","","","","","","","","","","","","","","","","","","","","","","","","","","","","","","","","","","","","",
"Cyprus","CYP","Risk of impoverishing expenditure for surgical care (% of people at risk)","SH.SGR.IRSK.ZS","","","","","","","","","","","","","","","","","","","","","","","","","","","","","","","","","","","","","","","","","","","","","0.1","0.1","0.2","0.2","0.2","0.2","0.1","0.2","0.4","1","0.6","0.4","0.3","0.2","0.1","0.1","0.1",
"Czech Republic","CZE","Risk of impoverishing expenditure for surgical care (% of people at risk)","SH.SGR.IRSK.ZS","","","","","","","","","","","","","","","","","","","","","","","","","","","","","","","","","","","","","","","","","","","","0","0","0","0","0","0","0","0","0","0","0","0","0","0","0","0","0","0",
"Germany","DEU","Risk of impoverishing expenditure for surgical care (% of people at risk)","SH.SGR.IRSK.ZS","","","","","","","","","","","","","","","","","","","","","","","","","","","","","","","","","","","","","","","","","","","","0","0","0","0","0","0","0","0","0","0","0","0","0","0","0","0","0","0",
"Djibouti","DJI","Risk of impoverishing expenditure for surgical care (% of people at risk)","SH.SGR.IRSK.ZS","","","","","","","","","","","","","","","","","","","","","","","","","","","","","","","","","","","","","","","","","","","","","","","","","","","","","","","","","","","","","",
"Dominica","DMA","Risk of impoverishing expenditure for surgical care (% of people at risk)","SH.SGR.IRSK.ZS","","","","","","","","","","","","","","","","","","","","","","","","","","","","","","","","","","","","","","","","","","","","","","","","","","","","","","","","","","","","","",
"Denmark","DNK","Risk of impoverishing expenditure for surgical care (% of people at risk)","SH.SGR.IRSK.ZS","","","","","","","","","","","","","","","","","","","","","","","","","","","","","","","","","","","","","","","","","","","","0","0","0","0","0","0","0","0","0","0","0","0","0","0","0","0","0","0",
"Dominican Republic","DOM","Risk of impoverishing expenditure for surgical care (% of people at risk)","SH.SGR.IRSK.ZS","","","","","","","","","","","","","","","","","","","","","","","","","","","","","","","","","","","","","","","","","","","","21.7","23.1","21","20.9","15.8","13.7","13.8","11.6","11.9","10","11.8","7.6","8.3","8.5","6","6","6.1","5.8",
"Algeria","DZA","Risk of impoverishing expenditure for surgical care (% of people at risk)","SH.SGR.IRSK.ZS","","","","","","","","","","","","","","","","","","","","","","","","","","","","","","","","","","","","","","","","","","","","21.5","22","20.9","19.4","18.2","17.6","16.1","16.4","7.6","6.4","6.2","5.4","6","5.4","6","5.2","5.7","5.8",
"East Asia & Pacific (excluding high income)","EAP","Risk of impoverishing expenditure for surgical care (% of people at risk)","SH.SGR.IRSK.ZS","","","","","","","","","","","","","","","","","","","","","","","","","","","","","","","","","","","","","","","","","","","","45.1966976193356","42.6392254665584","39.7406497395648","36.9637397718958","34.129457309723","32.6613945842618","29.1695905687888","27.2256347212538","24.4093945810821","21.4698454959381","17.1789168660763","16.2060405241619","13.6665033993277","12.3655447162644","11.2807609780942","9.6420875347158","8.8057908389931","7.96014036951009",
"Early-demographic dividend","EAR","Risk of impoverishing expenditure for surgical care (% of people at risk)","SH.SGR.IRSK.ZS","","","","","","","","","","","","","","","","","","","","","","","","","","","","","","","","","","","","","","","","","","","","50.1180912115833","48.1505372210266","46.6326021377216","44.8533621794992","42.9683481933817","41.279840467568","40.349341469186","38.238871494288","35.6284491166086","35.5461552118526","31.7572314475909","29.9893539862608","29.5451450068699","27.989550885644","25.8966519181868","24.0478086922294","23.352758360663","21.5237337588465",
"East Asia & Pacific","EAS","Risk of impoverishing expenditure for surgical care (% of people at risk)","SH.SGR.IRSK.ZS","","","","","","","","","","","","","","","","","","","","","","","","","","","","","","","","","","","","","","","","","","","","44.6971209690168","42.1651866812985","39.2965172333939","35.6123849620071","32.886458067823","29.5005631057352","26.3572095585881","24.6049234501709","22.0713225997714","19.4229473935478","15.5504863588782","14.6765679973771","12.382849570026","11.2096784954847","10.2319006320248","8.74940433571884","7.99389047226741","7.22941724515312",
"Europe & Central Asia (excluding high income)","ECA","Risk of impoverishing expenditure for surgical care (% of people at risk)","SH.SGR.IRSK.ZS","","","","","","","","","","","","","","","","","","","","","","","","","","","","","","","","","","","","","","","","","","","","20.5054061238435","17.4307438971382","16.9568949508132","13.3042161219092","11.7794064375177","10.4606088360693","9.86127220757776","9.36927448854245","8.39066048490909","7.88586737070434","7.46791534976653","6.72441538691562","6.96359623495081","6.48702742441056","6.12549177090021","5.85843784171403","5.66355533894198","5.36998685463892",
"Europe & Central Asia","ECS","Risk of impoverishing expenditure for surgical care (% of people at risk)","SH.SGR.IRSK.ZS","","","","","","","","","","","","","","","","","","","","","","","","","","","","","","","","","","","","","","","","","","","","9.48011196683621","7.78244284278155","7.2745319470067","5.93026581592373","5.29343527778812","4.67095652219243","4.41036261230141","4.18555406705348","3.77339636639367","3.60898704319599","3.42967203008826","3.08972971042361","3.19357499037193","2.97641615322938","2.80815580731942","2.68203972118636","2.60135334599272","2.46756111556885",
"Ecuador","ECU","Risk of impoverishing expenditure for surgical care (% of people at risk)","SH.SGR.IRSK.ZS","","","","","","","","","","","","","","","","","","","","","","","","","","","","","","","","","","","","","","","","","","","","28.6","29.6","28","26.5","26.7","21.8","20.8","19.7","16.5","15.7","15.9","14","15.1","14.9","14.1","14.3","14.4","15.1",
"Egypt, Arab Rep.","EGY","Risk of impoverishing expenditure for surgical care (% of people at risk)","SH.SGR.IRSK.ZS","","","","","","","","","","","","","","","","","","","","","","","","","","","","","","","","","","","","","","","","","","","","20.8","22.2","22.5","20.6","18.5","16.9","15.6","14.6","13.1","10.9","9.7","9.7","11.5","13.7","10.8","11.7","11","9.7",
"Euro area","EMU","Risk of impoverishing expenditure for surgical care (% of people at risk)","SH.SGR.IRSK.ZS","","","","","","","","","","","","","","","","","","","","","","","","","","","","","","","","","","","","","","","","","","","","0.116845616250611","0.345764459860815","0.285099887793533","0.199545105061291","0.172046311919606","0.161129974454395","0.225143059093316","0.175192976242776","0.182093810268531","0.207138386238242","0.203219775579762","0.19522380597417","0.178534267779449","0.172406108515271","0.15333675180067","0.135553598379826","0.145306632046566","0.132432644881791",
"Eritrea","ERI","Risk of impoverishing expenditure for surgical care (% of people at risk)","SH.SGR.IRSK.ZS","","","","","","","","","","","","","","","","","","","","","","","","","","","","","","","","","","","","","","","","","","","","","","","","","","","","","","","","","","","","","",
"Spain","ESP","Risk of impoverishing expenditure for surgical care (% of people at risk)","SH.SGR.IRSK.ZS","","","","","","","","","","","","","","","","","","","","","","","","","","","","","","","","","","","","","","","","","","","","0","0.1","0","0.1","0.1","0.1","0.1","0.1","0.2","0.2","0.2","0.2","0.2","0.2","0.1","0.1","0.1","0.1",
"Estonia","EST","Risk of impoverishing expenditure for surgical care (% of people at risk)","SH.SGR.IRSK.ZS","","","","","","","","","","","","","","","","","","","","","","","","","","","","","","","","","","","","","","","","","","","","15.5","10.7","8.6","7.8","4.7","4","5.3","5.7","5.6","6","7.7","7.2","5.1","3.3","3.3","2.8","4.8","2.6",
"Ethiopia","ETH","Risk of impoverishing expenditure for surgical care (% of people at risk)","SH.SGR.IRSK.ZS","","","","","","","","","","","","","","","","","","","","","","","","","","","","","","","","","","","","","","","","","","","","","","","","","","","","","","","","","","","","","",
"European Union","EUU","Risk of impoverishing expenditure for surgical care (% of people at risk)","SH.SGR.IRSK.ZS","","","","","","","","","","","","","","","","","","","","","","","","","","","","","","","","","","","","","","","","","","","","0.10807669244553","0.59036060897432","0.388578603233473","0.434386751439469","0.315065117280527","0.242564833468812","0.292434163255749","0.275668354043723","0.279296101555444","0.321486127317932","0.334093061232209","0.295874848243542","0.271854237090508","0.260905755361657","0.228051088224251","0.201470725157598","0.199931059618355","0.184346439028025",
"Fragile and conflict affected situations","FCS","Risk of impoverishing expenditure for surgical care (% of people at risk)","SH.SGR.IRSK.ZS","","","","","","","","","","","","","","","","","","","","","","","","","","","","","","","","","","","","","","","","","","","","","","","","","","","","","46.5677633366717","44.0483454342931","44.686097757361","43.649092452823","","","42.5283937371863","","",
"Finland","FIN","Risk of impoverishing expenditure for surgical care (% of people at risk)","SH.SGR.IRSK.ZS","","","","","","","","","","","","","","","","","","","","","","","","","","","","","","","","","","","","","","","","","","","","0","0","0","0","0","0","0","0","0","0","0","0","0","0","0","0","0","0",
"Fiji","FJI","Risk of impoverishing expenditure for surgical care (% of people at risk)","SH.SGR.IRSK.ZS","","","","","","","","","","","","","","","","","","","","","","","","","","","","","","","","","","","","","","","","","","","","","","","","","","","","","","","","","","","","","",
"France","FRA","Risk of impoverishing expenditure for surgical care (% of people at risk)","SH.SGR.IRSK.ZS","","","","","","","","","","","","","","","","","","","","","","","","","","","","","","","","","","","","","","","","","","","","0","0","0","0","0","0","0","0","0","0","0","0","0","0","0","0","0","0",
"Faroe Islands","FRO","Risk of impoverishing expenditure for surgical care (% of people at risk)","SH.SGR.IRSK.ZS","","","","","","","","","","","","","","","","","","","","","","","","","","","","","","","","","","","","","","","","","","","","","","","","","","","","","","","","","","","","","",
"Micronesia, Fed. Sts.","FSM","Risk of impoverishing expenditure for surgical care (% of people at risk)","SH.SGR.IRSK.ZS","","","","","","","","","","","","","","","","","","","","","","","","","","","","","","","","","","","","","","","","","","","","","","","","36.4","","","","","","","","","","","","","",
"Gabon","GAB","Risk of impoverishing expenditure for surgical care (% of people at risk)","SH.SGR.IRSK.ZS","","","","","","","","","","","","","","","","","","","","","","","","","","","","","","","","","","","","","","","","","","","","","","15.2","15","15","14.8","14.2","11.6","11.1","10.8","10.1","9.4","9.4","9.2","6.2","6.9","7","6.9",
"United Kingdom","GBR","Risk of impoverishing expenditure for surgical care (% of people at risk)","SH.SGR.IRSK.ZS","","","","","","","","","","","","","","","","","","","","","","","","","","","","","","","","","","","","","","","","","","","","0.1","0","0","0","0","0","0","0","0","0","0","0","0","0","0","0","0","0",
"Georgia","GEO","Risk of impoverishing expenditure for surgical care (% of people at risk)","SH.SGR.IRSK.ZS","","","","","","","","","","","","","","","","","","","","","","","","","","","","","","","","","","","","","","","","","","","","","","","","12.4","","","","","","","","","","","","","",
"Ghana","GHA","Risk of impoverishing expenditure for surgical care (% of people at risk)","SH.SGR.IRSK.ZS","","","","","","","","","","","","","","","","","","","","","","","","","","","","","","","","","","","","","","","","","","","","","","","","34.8","31.3","29.4","25.2","25.2","24.3","20","18.2","18.6","20.3","20.3","18.8","18.2","18.1",
"Gibraltar","GIB","Risk of impoverishing expenditure for surgical care (% of people at risk)","SH.SGR.IRSK.ZS","","","","","","","","","","","","","","","","","","","","","","","","","","","","","","","","","","","","","","","","","","","","","","","","","","","","","","","","","","","","","",
"Guinea","GIN","Risk of impoverishing expenditure for surgical care (% of people at risk)","SH.SGR.IRSK.ZS","","","","","","","","","","","","","","","","","","","","","","","","","","","","","","","","","","","","","","","","","","","","59.2","59.5","57","55.9","55.2","59.4","59.5","61","60.6","51.8","51.4","50.8","47.9","48.9","50.3","51.4","47.2","46.1",
"Gambia, The","GMB","Risk of impoverishing expenditure for surgical care (% of people at risk)","SH.SGR.IRSK.ZS","","","","","","","","","","","","","","","","","","","","","","","","","","","","","","","","","","","","","","","","","","","","41.9","45.7","48.9","48.9","50.9","49.1","49.9","44.2","51","42.1","42.6","43.1","39.9","41.6","43.5","37.1","39","31.5",
"Guinea-Bissau","GNB","Risk of impoverishing expenditure for surgical care (% of people at risk)","SH.SGR.IRSK.ZS","","","","","","","","","","","","","","","","","","","","","","","","","","","","","","","","","","","","","","","","","","","","64.3","68.4","66.5","69.1","67.2","68.2","67.6","67.8","65.8","71.4","70","72.3","70.3","69.4","64.3","63.1","63.8","61.4",
"Equatorial Guinea","GNQ","Risk of impoverishing expenditure for surgical care (% of people at risk)","SH.SGR.IRSK.ZS","","","","","","","","","","","","","","","","","","","","","","","","","","","","","","","","","","","","","","","","","","","","","","","","","","","","","","","","","","","","","",
"Greece","GRC","Risk of impoverishing expenditure for surgical care (% of people at risk)","SH.SGR.IRSK.ZS","","","","","","","","","","","","","","","","","","","","","","","","","","","","","","","","","","","","","","","","","","","","","0.2","0.2","0.2","0.1","0.1","0.1","0.1","0.2","0.4","0.4","0.4","0.4","0.3","0.3","0.2","0.3","0.2",
"Grenada","GRD","Risk of impoverishing expenditure for surgical care (% of people at risk)","SH.SGR.IRSK.ZS","","","","","","","","","","","","","","","","","","","","","","","","","","","","","","","","","","","","","","","","","","","","","","","","","","","","","","","","","","","","","",
"Greenland","GRL","Risk of impoverishing expenditure for surgical care (% of people at risk)","SH.SGR.IRSK.ZS","","","","","","","","","","","","","","","","","","","","","","","","","","","","","","","","","","","","","","","","","","","","","","","","","","","","","","","","","","","","","",
"Guatemala","GTM","Risk of impoverishing expenditure for surgical care (% of people at risk)","SH.SGR.IRSK.ZS","","","","","","","","","","","","","","","","","","","","","","","","","","","","","","","","","","","","","","","","","","","","31.6","31.4","30.6","30.6","28.6","29.5","28.7","29.4","28.5","28.1","28.1","20.3","19.2","19.9","19.6","19","18.2","17.7",
"Guam","GUM","Risk of impoverishing expenditure for surgical care (% of people at risk)","SH.SGR.IRSK.ZS","","","","","","","","","","","","","","","","","","","","","","","","","","","","","","","","","","","","","","","","","","","","","","","","","","","","","","","","","","","","","",
"Guyana","GUY","Risk of impoverishing expenditure for surgical care (% of people at risk)","SH.SGR.IRSK.ZS","","","","","","","","","","","","","","","","","","","","","","","","","","","","","","","","","","","","","","","","","","","","","","","","18","","","","","","","","","","","","","",
"High income","HIC","Risk of impoverishing expenditure for surgical care (% of people at risk)","SH.SGR.IRSK.ZS","","","","","","","","","","","","","","","","","","","","","","","","","","","","","","","","","","","","","","","","","","","","0.44966220178651","0.579851654628944","0.522749022805302","0.367624094602212","0.334234989310357","0.339994015917568","0.295474970869388","0.262536689906633","0.23962952659359","0.239536470110895","0.236849097162049","0.220499408219751","0.2031584261413","0.19491846862849","0.181894603607464","0.174009948830155","0.253013664147399","0.260465967028408",
"Hong Kong SAR, China","HKG","Risk of impoverishing expenditure for surgical care (% of people at risk)","SH.SGR.IRSK.ZS","","","","","","","","","","","","","","","","","","","","","","","","","","","","","","","","","","","","","","","","","","","","","","","","","","","","","","","","","","","","","",
"Honduras","HND","Risk of impoverishing expenditure for surgical care (% of people at risk)","SH.SGR.IRSK.ZS","","","","","","","","","","","","","","","","","","","","","","","","","","","","","","","","","","","","","","","","","","","","49.7","49","48.3","46","43.6","43.5","39","40.9","43","42.3","39.1","36.5","34.6","35.2","34.8","34.7","34.2","32.1",
"Heavily indebted poor countries (HIPC)","HPC","Risk of impoverishing expenditure for surgical care (% of people at risk)","SH.SGR.IRSK.ZS","","","","","","","","","","","","","","","","","","","","","","","","","","","","","","","","","","","","","","","","","","","","","","","","68.9163416851447","","65.9957810073714","64.7990976647637","64.913608338543","64.0597762221253","62.9831576635699","62.7996151141792","61.7354650289393","62.7347773889962","62.8536180270281","62.210262731389","61.7759295404164","59.3184875707342",
"Croatia","HRV","Risk of impoverishing expenditure for surgical care (% of people at risk)","SH.SGR.IRSK.ZS","","","","","","","","","","","","","","","","","","","","","","","","","","","","","","","","","","","","","","","","","","","","","","","","","","0.4","0.4","0.3","0.4","0.3","0.4","0.2","0.2","0.1","0.1","0.1","0.1",
"Haiti","HTI","Risk of impoverishing expenditure for surgical care (% of people at risk)","SH.SGR.IRSK.ZS","","","","","","","","","","","","","","","","","","","","","","","","","","","","","","","","","","","","","","","","","","","","","","","","","","","","","70.2","71.6","70.2","72.6","72.5","72.8","74.1","74.8","73.8",
"Hungary","HUN","Risk of impoverishing expenditure for surgical care (% of people at risk)","SH.SGR.IRSK.ZS","","","","","","","","","","","","","","","","","","","","","","","","","","","","","","","","","","","","","","","","","","","","","0.9","2.4","0.5","0.5","0.4","0.5","0.8","0.9","1.4","1.7","1.1","1.1","0.9","0.6","0.7","0.6","0.7",
"IBRD only","IBD","Risk of impoverishing expenditure for surgical care (% of people at risk)","SH.SGR.IRSK.ZS","","","","","","","","","","","","","","","","","","","","","","","","","","","","","","","","","","","","","","","","","","","","43.6530386715955","40.8772681633913","39.0640607515161","36.4455560534688","34.2064637465777","32.7006829303226","30.581084065889","28.5939427236542","25.7906270312225","24.77951905269","20.8341474256475","19.582805392556","18.5563416068481","17.2974960406736","15.9985316080397","14.5479159077682","14.2306205812712","12.9481893012784",
"IDA & IBRD total","IBT","Risk of impoverishing expenditure for surgical care (% of people at risk)","SH.SGR.IRSK.ZS","","","","","","","","","","","","","","","","","","","","","","","","","","","","","","","","","","","","","","","","","","","","46.5811889702489","44.5547608554689","43.4449450812587","41.1356315480734","38.469289610823","37.2692184687528","35.6924729308207","33.9305407436898","31.5824864770466","30.6640293160081","27.2067074608888","26.1359095918893","25.1122428192303","24.1822881294854","22.9905091670798","21.5275769697072","21.1090749346082","20.0782376799821",
"IDA total","IDA","Risk of impoverishing expenditure for surgical care (% of people at risk)","SH.SGR.IRSK.ZS","","","","","","","","","","","","","","","","","","","","","","","","","","","","","","","","","","","","","","","","","","","","","61.9906564169953","","","56.8854867106138","57.2037860769696","57.0019827458402","55.8736012147421","55.1217650090888","54.124330443668","52.3201784597902","51.6525039914248","50.3188271728853","50.8234451800752","49.6848189647486","47.2840879040294","45.9105669280603","45.6121683858653",
"IDA blend","IDB","Risk of impoverishing expenditure for surgical care (% of people at risk)","SH.SGR.IRSK.ZS","","","","","","","","","","","","","","","","","","","","","","","","","","","","","","","","","","","","","","","","","","","","46.1463451417978","44.9504073295194","","","39.369720725913","41.176694357952","43.2751501071076","42.070460899763","41.6242703966526","40.3372909911259","37.9843287186903","37.3383490462023","36.0797507127436","36.7433231926291","34.695754077115","31.3301155257756","29.2392766505532","31.6950617356663",
"Indonesia","IDN","Risk of impoverishing expenditure for surgical care (% of people at risk)","SH.SGR.IRSK.ZS","","","","","","","","","","","","","","","","","","","","","","","","","","","","","","","","","","","","","","","","","","","","21.6","22.6","21.3","20.3","21.7","20.1","18.6","19.3","22.3","20.4","19.6","18","17.3","15.4","13.7","12.7","11.5","10.5",
"IDA only","IDX","Risk of impoverishing expenditure for surgical care (% of people at risk)","SH.SGR.IRSK.ZS","","","","","","","","","","","","","","","","","","","","","","","","","","","","","","","","","","","","","","","","","","","","","","","","69.3586562009919","","66.6715048544089","65.6171307477948","64.677259659062","63.7578373287793","62.3635771288298","61.7039485305028","60.3341730609337","60.2705881882165","59.7428818535386","58.5160918929105","57.639970612788","55.5429568042295",
"Isle of Man","IMN","Risk of impoverishing expenditure for surgical care (% of people at risk)","SH.SGR.IRSK.ZS","","","","","","","","","","","","","","","","","","","","","","","","","","","","","","","","","","","","","","","","","","","","","","","","","","","","","","","","","","","","","",
"India","IND","Risk of impoverishing expenditure for surgical care (% of people at risk)","SH.SGR.IRSK.ZS","","","","","","","","","","","","","","","","","","","","","","","","","","","","","","","","","","","","","","","","","","","","64.8","62.6","60.4","58.2","55.9","53.7","52.2","48.7","44.1","45.1","38.1","35.5","35.3","32.8","30.2","27.2","27.2","24.1",
"Not classified","INX","Risk of impoverishing expenditure for surgical care (% of people at risk)","SH.SGR.IRSK.ZS","","","","","","","","","","","","","","","","","","","","","","","","","","","","","","","","","","","","","","","","","","","","","","","","","","","","","","","","","","","","","",
"Ireland","IRL","Risk of impoverishing expenditure for surgical care (% of people at risk)","SH.SGR.IRSK.ZS","","","","","","","","","","","","","","","","","","","","","","","","","","","","","","","","","","","","","","","","","","","","0","0","0","0","0","0","0","0","0","0","0.1","0","0","0","0","0","0","0",
"Iran, Islamic Rep.","IRN","Risk of impoverishing expenditure for surgical care (% of people at risk)","SH.SGR.IRSK.ZS","","","","","","","","","","","","","","","","","","","","","","","","","","","","","","","","","","","","","","","","","","","","","24.5","24.5","21.5","20.3","21.6","18.5","17.7","17.5","18","12.9","13.2","15.4","15.3","16.6","16","15.5","15.8",
"Iraq","IRQ","Risk of impoverishing expenditure for surgical care (% of people at risk)","SH.SGR.IRSK.ZS","","","","","","","","","","","","","","","","","","","","","","","","","","","","","","","","","","","","","","","","","","","","","","","13.8","13.9","12.7","11.3","12.5","13.5","17.6","18.7","19.3","16.4","13.1","13.1","12.6","","",
"Iceland","ISL","Risk of impoverishing expenditure for surgical care (% of people at risk)","SH.SGR.IRSK.ZS","","","","","","","","","","","","","","","","","","","","","","","","","","","","","","","","","","","","","","","","","","","","0.2","0.3","0.3","0.3","0.2","0.5","0.4","0.2","0.3","0.3","0.1","0.3","0.2","0.1","0.1","0.1","0.1","0.1",
"Israel","ISR","Risk of impoverishing expenditure for surgical care (% of people at risk)","SH.SGR.IRSK.ZS","","","","","","","","","","","","","","","","","","","","","","","","","","","","","","","","","","","","","","","","","","","","","","","","","","","","","","","","","","","","","",
"Italy","ITA","Risk of impoverishing expenditure for surgical care (% of people at risk)","SH.SGR.IRSK.ZS","","","","","","","","","","","","","","","","","","","","","","","","","","","","","","","","","","","","","","","","","","","","0.1","0.1","0","0","0","0","0.1","0.1","0.1","0.1","0.1","0.1","0.1","0.1","0.1","0.1","0.1","0.1",
"Jamaica","JAM","Risk of impoverishing expenditure for surgical care (% of people at risk)","SH.SGR.IRSK.ZS","","","","","","","","","","","","","","","","","","","","","","","","","","","","","","","","","","","","","","","","","","","","","","","","10","9.5","11.1","10.8","10.7","10.5","10.7","10.5","10.5","10.7","10.4","10.1","10.6","10.4",
"Jordan","JOR","Risk of impoverishing expenditure for surgical care (% of people at risk)","SH.SGR.IRSK.ZS","","","","","","","","","","","","","","","","","","","","","","","","","","","","","","","","","","","","","","","","","","","","11.5","11.3","8.3","6","6.4","3.9","4.8","6.2","6.7","5.6","5.8","6.6","7.4","8.8","8.5","8.5","7.8","7.4",
"Japan","JPN","Risk of impoverishing expenditure for surgical care (% of people at risk)","SH.SGR.IRSK.ZS","","","","","","","","","","","","","","","","","","","","","","","","","","","","","","","","","","","","","","","","","","","","","","","","","0.1","0.1","0","0","0","0","0","0","0","0","0","0","0",
"Kazakhstan","KAZ","Risk of impoverishing expenditure for surgical care (% of people at risk)","SH.SGR.IRSK.ZS","","","","","","","","","","","","","","","","","","","","","","","","","","","","","","","","","","","","","","","","","","","","9.3","6.4","11","2.5","2","0.9","1","0.7","0.6","0.5","0.2","0.2","0.2","0.3","0.3","0.3","0.2","0.1",
"Kenya","KEN","Risk of impoverishing expenditure for surgical care (% of people at risk)","SH.SGR.IRSK.ZS","","","","","","","","","","","","","","","","","","","","","","","","","","","","","","","","","","","","","","","","","","","","61.2","60.7","59.5","59","55.6","56.4","55.6","53.8","52.7","51","50.7","49","43.4","41.1","39.3","39.2","36.9","36.4",
"Kyrgyz Republic","KGZ","Risk of impoverishing expenditure for surgical care (% of people at risk)","SH.SGR.IRSK.ZS","","","","","","","","","","","","","","","","","","","","","","","","","","","","","","","","","","","","","","","","","","","","77.1","64.7","60.9","57.3","47.1","40.8","47.6","47.6","40.7","34.2","34.4","33.3","38","34.8","34.8","31.9","33.6","33.4",
"Cambodia","KHM","Risk of impoverishing expenditure for surgical care (% of people at risk)","SH.SGR.IRSK.ZS","","","","","","","","","","","","","","","","","","","","","","","","","","","","","","","","","","","","","","","","","","","","","","","","","","","","","","","","","","","","","",
"Kiribati","KIR","Risk of impoverishing expenditure for surgical care (% of people at risk)","SH.SGR.IRSK.ZS","","","","","","","","","","","","","","","","","","","","","","","","","","","","","","","","","","","","","","","","","","","","","","","","89.3","","","","","","","","","","","","","",
"St. Kitts and Nevis","KNA","Risk of impoverishing expenditure for surgical care (% of people at risk)","SH.SGR.IRSK.ZS","","","","","","","","","","","","","","","","","","","","","","","","","","","","","","","","","","","","","","","","","","","","","","","","","","","","","","","","","","","","","",
"Korea, Rep.","KOR","Risk of impoverishing expenditure for surgical care (% of people at risk)","SH.SGR.IRSK.ZS","","","","","","","","","","","","","","","","","","","","","","","","","","","","","","","","","","","","","","","","","","","","","","","0.1","0.1","0.1","0.1","0.1","0.1","0","0","0","0","0","0","0","0","0",
"Kuwait","KWT","Risk of impoverishing expenditure for surgical care (% of people at risk)","SH.SGR.IRSK.ZS","","","","","","","","","","","","","","","","","","","","","","","","","","","","","","","","","","","","","","","","","","","","","","","","","","","","","","","","","","","","","",
"Latin America & Caribbean (excluding high income)","LAC","Risk of impoverishing expenditure for surgical care (% of people at risk)","SH.SGR.IRSK.ZS","","","","","","","","","","","","","","","","","","","","","","","","","","","","","","","","","","","","","","","","","","","","20.359407496478","20.0385564824304","18.8420355766267","18.2498037015695","17.0190212950508","15.8949235233754","15.2417571077265","14.131936660953","13.0699612589391","14.0999445202178","13.7268982778923","12.8463128262027","12.8117620344312","12.7492834475082","12.3132179526373","12.2852327696432","12.2558412643744","11.9395257959497",
"Lao PDR","LAO","Risk of impoverishing expenditure for surgical care (% of people at risk)","SH.SGR.IRSK.ZS","","","","","","","","","","","","","","","","","","","","","","","","","","","","","","","","","","","","","","","","","","","","78.6","69.7","66.8","62.9","60.7","54.4","50","46.3","47.4","39.4","38.4","37.3","35.6","33.9","34.1","32.4","31.4","29",
"Lebanon","LBN","Risk of impoverishing expenditure for surgical care (% of people at risk)","SH.SGR.IRSK.ZS","","","","","","","","","","","","","","","","","","","","","","","","","","","","","","","","","","","","","","","","","","","","","","","","","","","","0.9","0.7","0.8","0.9","0.9","0.9","1","1","1.1","0.1",
"Liberia","LBR","Risk of impoverishing expenditure for surgical care (% of people at risk)","SH.SGR.IRSK.ZS","","","","","","","","","","","","","","","","","","","","","","","","","","","","","","","","","","","","","","","","","","","","","","","","35.1","35.7","16.3","15.5","15.9","19.6","19.3","14.1","13.9","18.3","17.2","15.8","18.6","18.5",
"Libya","LBY","Risk of impoverishing expenditure for surgical care (% of people at risk)","SH.SGR.IRSK.ZS","","","","","","","","","","","","","","","","","","","","","","","","","","","","","","","","","","","","","","","","","","","","","","","","","","","","","","","","","","","","","",
"St. Lucia","LCA","Risk of impoverishing expenditure for surgical care (% of people at risk)","SH.SGR.IRSK.ZS","","","","","","","","","","","","","","","","","","","","","","","","","","","","","","","","","","","","","","","","","","","","","","","","","","","","","","","","","","","","","",
"Latin America & Caribbean","LCN","Risk of impoverishing expenditure for surgical care (% of people at risk)","SH.SGR.IRSK.ZS","","","","","","","","","","","","","","","","","","","","","","","","","","","","","","","","","","","","","","","","","","","","19.8833447241319","19.6031481708628","18.5433707775624","17.4814746837869","16.2681273167413","15.3170017135239","14.6377564909816","13.6144627469272","12.5654432390599","13.4745978466066","13.1101318868855","12.3362226466069","12.2938531814292","12.2452337618912","11.8806198576395","11.8797296595098","12.0265183753575","11.7597435364438",
"Least developed countries: UN classification","LDC","Risk of impoverishing expenditure for surgical care (% of people at risk)","SH.SGR.IRSK.ZS","","","","","","","","","","","","","","","","","","","","","","","","","","","","","","","","","","","","","","","","","","","","","","","","","","69.5279355651704","68.4725534383023","67.5518876294402","66.4034750069397","65.0430981368281","64.3273307967419","62.8476371637415","62.6405371112615","62.0694466637858","61.2913732011373","60.3563453416118","58.3061552633262",
"Low income","LIC","Risk of impoverishing expenditure for surgical care (% of people at risk)","SH.SGR.IRSK.ZS","","","","","","","","","","","","","","","","","","","","","","","","","","","","","","","","","","","","","","","","","","","","","","","","","","","","","","","","","","","","","",
"Liechtenstein","LIE","Risk of impoverishing expenditure for surgical care (% of people at risk)","SH.SGR.IRSK.ZS","","","","","","","","","","","","","","","","","","","","","","","","","","","","","","","","","","","","","","","","","","","","","","","","","","","","","","","","","","","","","",
"Sri Lanka","LKA","Risk of impoverishing expenditure for surgical care (% of people at risk)","SH.SGR.IRSK.ZS","","","","","","","","","","","","","","","","","","","","","","","","","","","","","","","","","","","","","","","","","","","","36","35.1","34.3","32.7","29","29.5","25.5","23.3","19.8","22.4","20","18.6","17.9","17.6","16.2","16","15.8","14.8",
"Lower middle income","LMC","Risk of impoverishing expenditure for surgical care (% of people at risk)","SH.SGR.IRSK.ZS","","","","","","","","","","","","","","","","","","","","","","","","","","","","","","","","","","","","","","","","","","","","53.8625246422383","51.7044156457827","51.4919138941977","49.6011527842914","45.8314647807539","44.5443332107101","43.7522319548681","41.7793646415319","39.3244602819737","39.1403404306856","35.0667926088215","33.377599021695","32.7036164924228","31.3848739356846","29.3993101877257","27.1965969419392","26.4138131820364","25.0300031023044",
"Low & middle income","LMY","Risk of impoverishing expenditure for surgical care (% of people at risk)","SH.SGR.IRSK.ZS","","","","","","","","","","","","","","","","","","","","","","","","","","","","","","","","","","","","","","","","","","","","46.8863539104241","45.1653679183202","44.0541732264648","41.7517253037699","39.0237795459544","37.7962692867757","36.2251449098463","34.4298392077305","32.046712226015","31.1124498650855","27.5971947157727","26.5027689334301","25.460016884846","24.5123080886104","23.2938831367221","21.801140893655","21.3566719704031","20.3054883101569",
"Lesotho","LSO","Risk of impoverishing expenditure for surgical care (% of people at risk)","SH.SGR.IRSK.ZS","","","","","","","","","","","","","","","","","","","","","","","","","","","","","","","","","","","","","","","","","","","","57.3","54.2","52.6","50.1","45.9","44.9","44.8","43.8","41.1","41.2","39.1","39.8","41.2","42","36","38.1","38.5","38.6",
"Late-demographic dividend","LTE","Risk of impoverishing expenditure for surgical care (% of people at risk)","SH.SGR.IRSK.ZS","","","","","","","","","","","","","","","","","","","","","","","","","","","","","","","","","","","","","","","","","","","","41.4411980272105","37.6803039117924","35.3155058270293","32.4113589412833","29.3933304461598","28.0623622865331","24.9844380674023","23.1200796510479","20.0201409556735","17.660124345216","13.8507758106288","12.9610784125509","11.0178594164803","10.3093805848407","9.49395206163537","8.21712632244528","7.71696330220173","7.12443293111703",
"Lithuania","LTU","Risk of impoverishing expenditure for surgical care (% of people at risk)","SH.SGR.IRSK.ZS","","","","","","","","","","","","","","","","","","","","","","","","","","","","","","","","","","","","","","","","","","","","","6.9","5.1","3","2.3","2.6","4","2.3","1.6","2.9","2.8","3.7","3.3","3.6","2.6","2.8","2.8","2.7",
"Luxembourg","LUX","Risk of impoverishing expenditure for surgical care (% of people at risk)","SH.SGR.IRSK.ZS","","","","","","","","","","","","","","","","","","","","","","","","","","","","","","","","","","","","","","","","","","","","0","0","0","0","0","0","0","0","0","0.1","0","0","0","0","0.1","0.1","0.1","0",
"Latvia","LVA","Risk of impoverishing expenditure for surgical care (% of people at risk)","SH.SGR.IRSK.ZS","","","","","","","","","","","","","","","","","","","","","","","","","","","","","","","","","","","","","","","","","","","","","24.1","24.1","14.2","14.7","13.3","19","13.9","12.5","13","11.7","10.6","10.1","11.2","12.5","10.2","9.6","10.2",
"Macao SAR, China","MAC","Risk of impoverishing expenditure for surgical care (% of people at risk)","SH.SGR.IRSK.ZS","","","","","","","","","","","","","","","","","","","","","","","","","","","","","","","","","","","","","","","","","","","","","","","","","","","","","","","","","","","","","",
"St. Martin (French part)","MAF","Risk of impoverishing expenditure for surgical care (% of people at risk)","SH.SGR.IRSK.ZS","","","","","","","","","","","","","","","","","","","","","","","","","","","","","","","","","","","","","","","","","","","","","","","","","","","","","","","","","","","","","",
"Morocco","MAR","Risk of impoverishing expenditure for surgical care (% of people at risk)","SH.SGR.IRSK.ZS","","","","","","","","","","","","","","","","","","","","","","","","","","","","","","","","","","","","","","","","","","","","27","26","24.2","23.9","22.7","20.8","20","19.7","18.6","17.4","16.7","16.6","16.1","15.5","14","13.8","14","12.8",
"Monaco","MCO","Risk of impoverishing expenditure for surgical care (% of people at risk)","SH.SGR.IRSK.ZS","","","","","","","","","","","","","","","","","","","","","","","","","","","","","","","","","","","","","","","","","","","","","","","","","","","","","","","","","","","","","",
"Moldova","MDA","Risk of impoverishing expenditure for surgical care (% of people at risk)","SH.SGR.IRSK.ZS","","","","","","","","","","","","","","","","","","","","","","","","","","","","","","","","","","","","","","","","","","","","32.8","24.3","25.2","18.5","16.4","15.4","14.4","11.5","9.6","7.4","5.8","3.1","4","3.4","2.4","1.9","1.5","1.5",
"Madagascar","MDG","Risk of impoverishing expenditure for surgical care (% of people at risk)","SH.SGR.IRSK.ZS","","","","","","","","","","","","","","","","","","","","","","","","","","","","","","","","","","","","","","","","","","","","84.5","82.2","83","82.5","82.5","81.7","81.9","82.3","81.4","82.9","80.9","81.4","82.2","82","83.4","81.6","81.8","80.1",
"Maldives","MDV","Risk of impoverishing expenditure for surgical care (% of people at risk)","SH.SGR.IRSK.ZS","","","","","","","","","","","","","","","","","","","","","","","","","","","","","","","","","","","","","","","","","","","","","","","","","","","","","","","","","","","","","",
"Middle East & North Africa","MEA","Risk of impoverishing expenditure for surgical care (% of people at risk)","SH.SGR.IRSK.ZS","","","","","","","","","","","","","","","","","","","","","","","","","","","","","","","","","","","","","","","","","","","","","22.841968781161","22.3891133976835","19.9617127103723","18.8046846178824","18.224144443059","16.5908254558975","16.2743851549721","14.2170578111846","13.7245822188044","12.0054260164803","11.5868322976082","12.1165355607367","12.2460555873729","11.4900537036649","11.421397679946","10.9574031302372","10.4311761722734",
"Mexico","MEX","Risk of impoverishing expenditure for surgical care (% of people at risk)","SH.SGR.IRSK.ZS","","","","","","","","","","","","","","","","","","","","","","","","","","","","","","","","","","","","","","","","","","","","9.9","10","9.3","8","8.2","9.3","9.7","7.2","6.9","8.1","8.2","8.3","8.1","5.9","5.5","5","5","5.2",
"Marshall Islands","MHL","Risk of impoverishing expenditure for surgical care (% of people at risk)","SH.SGR.IRSK.ZS","","","","","","","","","","","","","","","","","","","","","","","","","","","","","","","","","","","","","","","","","","","","","","","","","","","","","","","","","","","","","",
"Middle income","MIC","Risk of impoverishing expenditure for surgical care (% of people at risk)","SH.SGR.IRSK.ZS","","","","","","","","","","","","","","","","","","","","","","","","","","","","","","","","","","","","","","","","","","","","45.9110261238969","43.6596940798683","42.4010022910623","39.9227589264365","37.0332745661398","35.7410871109425","34.1114452234706","32.2168608160693","29.6207229797646","28.6923520119026","24.9904772851567","23.7671912036925","22.6855628066291","21.6084478987642","20.250883823897","18.6073587630332","18.0630448257645","17.1561690479346",
"North Macedonia","MKD","Risk of impoverishing expenditure for surgical care (% of people at risk)","SH.SGR.IRSK.ZS","","","","","","","","","","","","","","","","","","","","","","","","","","","","","","","","","","","","","","","","","","","","","","","","","","","","","","","","","","","","","",
"Mali","MLI","Risk of impoverishing expenditure for surgical care (% of people at risk)","SH.SGR.IRSK.ZS","","","","","","","","","","","","","","","","","","","","","","","","","","","","","","","","","","","","","","","","","","","","76.2","74.6","74.6","72.5","71.4","70.7","68.6","64.5","66","65","59.5","58.9","54.8","54.6","52.9","53.9","53.1","53.1",
"Malta","MLT","Risk of impoverishing expenditure for surgical care (% of people at risk)","SH.SGR.IRSK.ZS","","","","","","","","","","","","","","","","","","","","","","","","","","","","","","","","","","","","","","","","","","","","","","","0","0.1","0.1","0.1","0.1","0.1","0.1","0","0.1","0.1","0.1","0.1","0.1","0","0",
"Myanmar","MMR","Risk of impoverishing expenditure for surgical care (% of people at risk)","SH.SGR.IRSK.ZS","","","","","","","","","","","","","","","","","","","","","","","","","","","","","","","","","","","","","","","","","","","","","","","","","","","","","","","","","","","","","",
"Middle East & North Africa (excluding high income)","MNA","Risk of impoverishing expenditure for surgical care (% of people at risk)","SH.SGR.IRSK.ZS","","","","","","","","","","","","","","","","","","","","","","","","","","","","","","","","","","","","","","","","","","","","","22.841968781161","22.3891133976835","19.9911788439631","18.8319278688016","18.250265832386","16.6143685570744","16.2972012364494","14.2363869762593","13.7430788758886","12.0216677352427","11.9299083760094","12.468827820227","12.5974236935167","11.8211151051445","11.7503867868085","11.3159480624941","10.7746546673997",
"Montenegro","MNE","Risk of impoverishing expenditure for surgical care (% of people at risk)","SH.SGR.IRSK.ZS","","","","","","","","","","","","","","","","","","","","","","","","","","","","","","","","","","","","","","","","","","","","","","","","","","","","","","","","","","","","","",
"Mongolia","MNG","Risk of impoverishing expenditure for surgical care (% of people at risk)","SH.SGR.IRSK.ZS","","","","","","","","","","","","","","","","","","","","","","","","","","","","","","","","","","","","","","","","","","","","","","","","35.6","","","","","","","","","","","","","",
"Northern Mariana Islands","MNP","Risk of impoverishing expenditure for surgical care (% of people at risk)","SH.SGR.IRSK.ZS","","","","","","","","","","","","","","","","","","","","","","","","","","","","","","","","","","","","","","","","","","","","","","","","","","","","","","","","","","","","","",
"Mozambique","MOZ","Risk of impoverishing expenditure for surgical care (% of people at risk)","SH.SGR.IRSK.ZS","","","","","","","","","","","","","","","","","","","","","","","","","","","","","","","","","","","","","","","","","","","","77.9","77.2","76.7","74.7","75.5","73.5","73.3","73","70.9","66.6","66.3","66.9","67.4","66.6","66.9","66","65.6","65.6",
"Mauritania","MRT","Risk of impoverishing expenditure for surgical care (% of people at risk)","SH.SGR.IRSK.ZS","","","","","","","","","","","","","","","","","","","","","","","","","","","","","","","","","","","","","","","","","","","","44.7","44.8","45.2","43.3","42.4","36.8","38.7","37.3","37.9","36.4","33.4","31.6","28.1","31.3","30.6","30.9","29.9","30",
"Mauritius","MUS","Risk of impoverishing expenditure for surgical care (% of people at risk)","SH.SGR.IRSK.ZS","","","","","","","","","","","","","","","","","","","","","","","","","","","","","","","","","","","","","","","","","","","","","","","3.6","3.3","2.8","2.8","2.7","2.5","3.7","3.6","3.3","3.1","3","2.2","1.9","1.9","1.7",
"Malawi","MWI","Risk of impoverishing expenditure for surgical care (% of people at risk)","SH.SGR.IRSK.ZS","","","","","","","","","","","","","","","","","","","","","","","","","","","","","","","","","","","","","","","","","","","","84.5","87.3","86.9","86.6","86.5","83.7","85.8","80.8","77.4","74.6","78.6","75.9","75.7","70.8","67.8","68.1","66.7","67.4",
"Malaysia","MYS","Risk of impoverishing expenditure for surgical care (% of people at risk)","SH.SGR.IRSK.ZS","","","","","","","","","","","","","","","","","","","","","","","","","","","","","","","","","","","","","","","","","","","","20.3","15.8","14.8","14","12.7","11.9","11.5","11.3","9.4","8.4","5.9","5.3","4.8","4.7","4.2","3.9","3.5","3.2",
"North America","NAC","Risk of impoverishing expenditure for surgical care (% of people at risk)","SH.SGR.IRSK.ZS","","","","","","","","","","","","","","","","","","","","","","","","","","","","","","","","","","","","","","","","","","","","0.180330172408802","0.180328835691449","0.180324799626771","0.180316623587088","0.180313059880792","0.180288722852388","0.180241566914147","0.180191251715191","0.180146248176425","0.180083172561757","0.180017848061237","0.179968877952471","0.17996705336849","0.17989344499232","0.179790662539158","0.179629110174485","0.179452863373948","0.179316278492209",
"Namibia","NAM","Risk of impoverishing expenditure for surgical care (% of people at risk)","SH.SGR.IRSK.ZS","","","","","","","","","","","","","","","","","","","","","","","","","","","","","","","","","","","","","","","","","","","","36","35.2","35.1","35.5","34.3","32.4","28.1","29.6","28.6","27","27","26.4","22.4","21","21.4","22.2","21.5","21.6",
"New Caledonia","NCL","Risk of impoverishing expenditure for surgical care (% of people at risk)","SH.SGR.IRSK.ZS","","","","","","","","","","","","","","","","","","","","","","","","","","","","","","","","","","","","","","","","","","","","","","","","","","","","","","","","","","","","","",
"Niger","NER","Risk of impoverishing expenditure for surgical care (% of people at risk)","SH.SGR.IRSK.ZS","","","","","","","","","","","","","","","","","","","","","","","","","","","","","","","","","","","","","","","","","","","","85.1","85.6","85.2","85.8","88.6","88.8","87.6","87.8","89.7","84.9","83.7","87.7","85.4","87.6","85.2","83.2","81.8","72",
"Nigeria","NGA","Risk of impoverishing expenditure for surgical care (% of people at risk)","SH.SGR.IRSK.ZS","","","","","","","","","","","","","","","","","","","","","","","","","","","","","","","","","","","","","","","","","","","","26.1","23.5","","","20.2","27.4","31.1","31.2","32.8","33.8","28.2","29.7","28.7","32.3","33.8","23","23","30.6",
"Nicaragua","NIC","Risk of impoverishing expenditure for surgical care (% of people at risk)","SH.SGR.IRSK.ZS","","","","","","","","","","","","","","","","","","","","","","","","","","","","","","","","","","","","","","","","","","","","43.9","44.3","39.9","40.3","38.6","37.8","32.8","33","32.2","30.3","30.7","31.9","29.9","28.8","28.8","29.4","30.8","32.1",
"Netherlands","NLD","Risk of impoverishing expenditure for surgical care (% of people at risk)","SH.SGR.IRSK.ZS","","","","","","","","","","","","","","","","","","","","","","","","","","","","","","","","","","","","","","","","","","","","0","0","0","0","0","0","0","0","0","0","0","0","0","0","0","0","0","0",
"Norway","NOR","Risk of impoverishing expenditure for surgical care (% of people at risk)","SH.SGR.IRSK.ZS","","","","","","","","","","","","","","","","","","","","","","","","","","","","","","","","","","","","","","","","","","","","0","0","0","0","0","0","0","0","0","0","0","0","0","0","0","0","0","0",
"Nepal","NPL","Risk of impoverishing expenditure for surgical care (% of people at risk)","SH.SGR.IRSK.ZS","","","","","","","","","","","","","","","","","","","","","","","","","","","","","","","","","","","","","","","","","","","","84.5","83.6","82.2","81.8","82.2","82.5","82","79.4","81","73.1","71","68.1","68.8","68","66.6","64.2","62.2","60.3",
"Nauru","NRU","Risk of impoverishing expenditure for surgical care (% of people at risk)","SH.SGR.IRSK.ZS","","","","","","","","","","","","","","","","","","","","","","","","","","","","","","","","","","","","","","","","","","","","","","","","","","","","","","","","","","","","","",
"New Zealand","NZL","Risk of impoverishing expenditure for surgical care (% of people at risk)","SH.SGR.IRSK.ZS","","","","","","","","","","","","","","","","","","","","","","","","","","","","","","","","","","","","","","","","","","","","","","","","","","","","","","","","","","","","","",
"OECD members","OED","Risk of impoverishing expenditure for surgical care (% of people at risk)","SH.SGR.IRSK.ZS","","","","","","","","","","","","","","","","","","","","","","","","","","","","","","","","","","","","","","","","","","","","2.59860227035084","2.59313849103394","2.42471061737923","1.99915945371254","1.95369611214394","1.95428469020824","1.92230621543519","1.66896617809498","1.53633951929142","1.61462569769043","1.60909932562368","1.62967875985048","1.56614505919767","1.30450743622414","1.19724226808119","1.20611799922195","1.26384057261016","1.26795625483348",
"Oman","OMN","Risk of impoverishing expenditure for surgical care (% of people at risk)","SH.SGR.IRSK.ZS","","","","","","","","","","","","","","","","","","","","","","","","","","","","","","","","","","","","","","","","","","","","","","","","","","","","","","","","","","","","","",
"Other small states","OSS","Risk of impoverishing expenditure for surgical care (% of people at risk)","SH.SGR.IRSK.ZS","","","","","","","","","","","","","","","","","","","","","","","","","","","","","","","","","","","","","","","","","","","","","","","32.8832059985252","32.2363939895463","32.0820868238828","30.5071144937365","29.5489582149795","29.5545923513392","29.0807840699652","28.1594870655511","27.9325017062799","25.8259225349222","25.9763417332205","24.325749474243","23.9244395999769","24.1054891878201","21.7245155373568",
"Pakistan","PAK","Risk of impoverishing expenditure for surgical care (% of people at risk)","SH.SGR.IRSK.ZS","","","","","","","","","","","","","","","","","","","","","","","","","","","","","","","","","","","","","","","","","","","","51.5","51.4","49.3","48.2","44.8","43.5","47.2","45.2","44","41.3","41.7","40.1","40.1","40.4","34.7","35.3","31.4","31.4",
"Panama","PAN","Risk of impoverishing expenditure for surgical care (% of people at risk)","SH.SGR.IRSK.ZS","","","","","","","","","","","","","","","","","","","","","","","","","","","","","","","","","","","","","","","","","","","","23.7","22","20.5","20.1","17.7","16.6","16.3","14.3","14.2","14.6","13.7","12.1","12.5","11.5","11.2","10","9.9","9.7",
"Peru","PER","Risk of impoverishing expenditure for surgical care (% of people at risk)","SH.SGR.IRSK.ZS","","","","","","","","","","","","","","","","","","","","","","","","","","","","","","","","","","","","","","","","","","","","28.9","25.4","23.9","25.3","23.5","18.6","17.5","14.7","13","11.8","10.7","9.7","9.5","8.8","8.5","8.3","7.8","7.6",
"Philippines","PHL","Risk of impoverishing expenditure for surgical care (% of people at risk)","SH.SGR.IRSK.ZS","","","","","","","","","","","","","","","","","","","","","","","","","","","","","","","","","","","","","","","","","","","","34.7","35","35.2","33.1","33","32.5","32.1","31.1","29.8","28.6","28.2","27.6","23.4","20.9","20.5","19.4","18.6","17",
"Palau","PLW","Risk of impoverishing expenditure for surgical care (% of people at risk)","SH.SGR.IRSK.ZS","","","","","","","","","","","","","","","","","","","","","","","","","","","","","","","","","","","","","","","","","","","","","","","","","","","","","","","","","","","","","",
"Papua New Guinea","PNG","Risk of impoverishing expenditure for surgical care (% of people at risk)","SH.SGR.IRSK.ZS","","","","","","","","","","","","","","","","","","","","","","","","","","","","","","","","","","","","","","","","","","","","83.9","91","88.8","85.1","80.1","77.2","70.3","65.4","60.8","52.6","47.2","43.1","37","32","26.8","22.9","19.2","16.5",
"Poland","POL","Risk of impoverishing expenditure for surgical care (% of people at risk)","SH.SGR.IRSK.ZS","","","","","","","","","","","","","","","","","","","","","","","","","","","","","","","","","","","","","","","","","","","","","1.8","1","0.7","0.5","0.4","0.3","0.3","0.3","0.3","0.3","0.2","0.2","0.1","0.1","0","0","0",
"Pre-demographic dividend","PRE","Risk of impoverishing expenditure for surgical care (% of people at risk)","SH.SGR.IRSK.ZS","","","","","","","","","","","","","","","","","","","","","","","","","","","","","","","","","","","","","","","","","","","","54.7507571301793","58.3483771823049","","","54.4174131649446","55.9494976038795","55.1533927245554","54.4401804236816","54.9174953466036","54.5374944054113","52.5588478832594","52.693380515027","51.2463874840386","52.1837771722917","52.6591675738107","50.3617281918034","51.884391351533","52.2419057742122",
"Puerto Rico","PRI","Risk of impoverishing expenditure for surgical care (% of people at risk)","SH.SGR.IRSK.ZS","","","","","","","","","","","","","","","","","","","","","","","","","","","","","","","","","","","","","","","","","","","","","","","","","","","","","","","","","","","","","",
"Korea, Dem. People's Rep.","PRK","Risk of impoverishing expenditure for surgical care (% of people at risk)","SH.SGR.IRSK.ZS","","","","","","","","","","","","","","","","","","","","","","","","","","","","","","","","","","","","","","","","","","","","","","","","","","","","","","","","","","","","","",
"Portugal","PRT","Risk of impoverishing expenditure for surgical care (% of people at risk)","SH.SGR.IRSK.ZS","","","","","","","","","","","","","","","","","","","","","","","","","","","","","","","","","","","","","","","","","","","","0.8","0.8","0.8","0.7","0.5","0.5","0.3","0.3","0.5","0.6","0.5","0.4","0.4","0.3","0.2","0.2","0.3","0.2",
"Paraguay","PRY","Risk of impoverishing expenditure for surgical care (% of people at risk)","SH.SGR.IRSK.ZS","","","","","","","","","","","","","","","","","","","","","","","","","","","","","","","","","","","","","","","","","","","","34.6","31","28.4","30.6","30.1","26.8","23.6","24.4","25.7","20.1","19.8","22.1","18.3","17.7","18.2","14.9","15.6","15.5",
"West Bank and Gaza","PSE","Risk of impoverishing expenditure for surgical care (% of people at risk)","SH.SGR.IRSK.ZS","","","","","","","","","","","","","","","","","","","","","","","","","","","","","","","","","","","","","","","","","","","","","","","","","","","","","","","","","","","","","",
"Pacific island small states","PSS","Risk of impoverishing expenditure for surgical care (% of people at risk)","SH.SGR.IRSK.ZS","","","","","","","","","","","","","","","","","","","","","","","","","","","","","","","","","","","","","","","","","","","","","","","","","","","","","","","","","","","","","",
"Post-demographic dividend","PST","Risk of impoverishing expenditure for surgical care (% of people at risk)","SH.SGR.IRSK.ZS","","","","","","","","","","","","","","","","","","","","","","","","","","","","","","","","","","","","","","","","","","","","1.48396361309118","1.12681939284166","0.907871101294189","0.668799767028662","0.409812347527757","0.257887155024419","0.314958382668872","0.245791581423826","0.20046842734135","0.19113720657781","0.180938672465802","0.191962407626449","0.286944242452608","0.273201371644171","0.204402580816698","0.189233883523316","0.169228227195174","0.145633676116598",
"French Polynesia","PYF","Risk of impoverishing expenditure for surgical care (% of people at risk)","SH.SGR.IRSK.ZS","","","","","","","","","","","","","","","","","","","","","","","","","","","","","","","","","","","","","","","","","","","","","","","","","","","","","","","","","","","","","",
"Qatar","QAT","Risk of impoverishing expenditure for surgical care (% of people at risk)","SH.SGR.IRSK.ZS","","","","","","","","","","","","","","","","","","","","","","","","","","","","","","","","","","","","","","","","","","","","","","","","","","","","","","","","","","","","","",
"Romania","ROU","Risk of impoverishing expenditure for surgical care (% of people at risk)","SH.SGR.IRSK.ZS","","","","","","","","","","","","","","","","","","","","","","","","","","","","","","","","","","","","","","","","","","","","","2.7","","3","1.5","1","1","1","1.2","1.2","1.4","1.1","0.8","0.5","0.6","0.5","0.5","0.4",
"Russian Federation","RUS","Risk of impoverishing expenditure for surgical care (% of people at risk)","SH.SGR.IRSK.ZS","","","","","","","","","","","","","","","","","","","","","","","","","","","","","","","","","","","","","","","","","","","","11.1","10.2","9.1","7.4","7.6","6","5.4","4.7","4.5","4.6","4.4","3.6","3.5","3.3","3.1","2.9","3","2.9",
"Rwanda","RWA","Risk of impoverishing expenditure for surgical care (% of people at risk)","SH.SGR.IRSK.ZS","","","","","","","","","","","","","","","","","","","","","","","","","","","","","","","","","","","","","","","","","","","","80.8","83.4","82.2","80.6","75.4","74.8","71.9","72","68.8","66.3","65.2","69.2","69.5","67","61.3","61.2","57.2","54.9",
"South Asia","SAS","Risk of impoverishing expenditure for surgical care (% of people at risk)","SH.SGR.IRSK.ZS","","","","","","","","","","","","","","","","","","","","","","","","","","","","","","","","","","","","","","","","","","","","64.73388870521","63.0686137271299","60.7821647769147","58.9226698468859","56.2653977678684","54.1747510360476","53.3761091681955","50.3493849181831","46.2925147932546","46.6855914924251","41.0547572023223","38.6681957200804","38.2153510694696","36.2370595579083","33.3367970280555","30.5615748132212","29.8043148384728","27.2332300011355",
"Saudi Arabia","SAU","Risk of impoverishing expenditure for surgical care (% of people at risk)","SH.SGR.IRSK.ZS","","","","","","","","","","","","","","","","","","","","","","","","","","","","","","","","","","","","","","","","","","","","","","","","","","","","","","","","","","","","","",
"Sudan","SDN","Risk of impoverishing expenditure for surgical care (% of people at risk)","SH.SGR.IRSK.ZS","","","","","","","","","","","","","","","","","","","","","","","","","","","","","","","","","","","","","","","","","","","","","","","","","","35.5","35.3","38.1","40.3","41","40.1","37.4","39.8","38.8","41.7","46.1","46.4",
"Senegal","SEN","Risk of impoverishing expenditure for surgical care (% of people at risk)","SH.SGR.IRSK.ZS","","","","","","","","","","","","","","","","","","","","","","","","","","","","","","","","","","","","","","","","","","","","36.5","36.8","33.1","31.1","30.6","30.9","30.6","30.2","32.9","31.7","32.6","32.9","31","30.8","30.6","29","28.8","27.7",
"Singapore","SGP","Risk of impoverishing expenditure for surgical care (% of people at risk)","SH.SGR.IRSK.ZS","","","","","","","","","","","","","","","","","","","","","","","","","","","","","","","","","","","","","","","","","","","","","","","","","","","","","","","","","","","","","",
"Solomon Islands","SLB","Risk of impoverishing expenditure for surgical care (% of people at risk)","SH.SGR.IRSK.ZS","","","","","","","","","","","","","","","","","","","","","","","","","","","","","","","","","","","","","","","","","","","","","","","","48.8","","","","","","","","","","","","","",
"Sierra Leone","SLE","Risk of impoverishing expenditure for surgical care (% of people at risk)","SH.SGR.IRSK.ZS","","","","","","","","","","","","","","","","","","","","","","","","","","","","","","","","","","","","","","","","","","","","82.8","81.7","82.2","83.7","83.5","81.2","79.1","84.7","75.2","71.9","59.5","65.3","65.1","64.2","66","60.9","54.9","47.9",
"El Salvador","SLV","Risk of impoverishing expenditure for surgical care (% of people at risk)","SH.SGR.IRSK.ZS","","","","","","","","","","","","","","","","","","","","","","","","","","","","","","","","","","","","","","","","","","","","23.5","20.2","20","16","14.8","16.5","16.4","14.1","12.7","12.1","12.4","11.1","9.7","8.5","7.3","7.6","7.4","7.1",
"San Marino","SMR","Risk of impoverishing expenditure for surgical care (% of people at risk)","SH.SGR.IRSK.ZS","","","","","","","","","","","","","","","","","","","","","","","","","","","","","","","","","","","","","","","","","","","","","","","","","","","","","","","","","","","","","",
"Somalia","SOM","Risk of impoverishing expenditure for surgical care (% of people at risk)","SH.SGR.IRSK.ZS","","","","","","","","","","","","","","","","","","","","","","","","","","","","","","","","","","","","","","","","","","","","","","","","","","","","","","","","","","","","","",
"Serbia","SRB","Risk of impoverishing expenditure for surgical care (% of people at risk)","SH.SGR.IRSK.ZS","","","","","","","","","","","","","","","","","","","","","","","","","","","","","","","","","","","","","","","","","","","","","","","","","","","","","4.2","4.5","4.8","4.8","3.9","2.3","2.2","2.1","1.9",
"Sub-Saharan Africa (excluding high income)","SSA","Risk of impoverishing expenditure for surgical care (% of people at risk)","SH.SGR.IRSK.ZS","","","","","","","","","","","","","","","","","","","","","","","","","","","","","","","","","","","","","","","","","","","","","55.4953622600827","","","53.540712293882","54.6152594752422","53.9614155716497","53.0543864474555","53.4086927375534","52.8550587366015","50.8831709138041","51.0401896733153","49.8739816708656","50.8917437437146","51.2257340913087","49.1915732034443","48.8140020426253","49.067929409012",
"South Sudan","SSD","Risk of impoverishing expenditure for surgical care (% of people at risk)","SH.SGR.IRSK.ZS","","","","","","","","","","","","","","","","","","","","","","","","","","","","","","","","","","","","","","","","","","","","","","","","","","","","","","","","","","","","","",
"Sub-Saharan Africa","SSF","Risk of impoverishing expenditure for surgical care (% of people at risk)","SH.SGR.IRSK.ZS","","","","","","","","","","","","","","","","","","","","","","","","","","","","","","","","","","","","","","","","","","","","","55.4953622600827","","","53.540712293882","54.6152594752422","53.9614155716497","53.0543864474555","53.4086927375534","52.8550587366015","50.8779558036703","51.0347155321861","49.868670483376","50.8862074215739","51.2201952463574","49.1864899826118","48.8090171601995","49.0629088715406",
"Small states","SST","Risk of impoverishing expenditure for surgical care (% of people at risk)","SH.SGR.IRSK.ZS","","","","","","","","","","","","","","","","","","","","","","","","","","","","","","","","","","","","","","","","","","","","","","","","29.3758304071563","","","","","","","","","","","","","",
"Sao Tome and Principe","STP","Risk of impoverishing expenditure for surgical care (% of people at risk)","SH.SGR.IRSK.ZS","","","","","","","","","","","","","","","","","","","","","","","","","","","","","","","","","","","","","","","","","","","","","","","","","","","","","","","","","","","","","",
"Suriname","SUR","Risk of impoverishing expenditure for surgical care (% of people at risk)","SH.SGR.IRSK.ZS","","","","","","","","","","","","","","","","","","","","","","","","","","","","","","","","","","","","","","","","","","","","","","","","30.7","","","","","","","","","","","","","",
"Slovak Republic","SVK","Risk of impoverishing expenditure for surgical care (% of people at risk)","SH.SGR.IRSK.ZS","","","","","","","","","","","","","","","","","","","","","","","","","","","","","","","","","","","","","","","","","","","","","0","0.1","0","0","0","0","0","0","0","0","0","0","0","0","0","0","0",
"Slovenia","SVN","Risk of impoverishing expenditure for surgical care (% of people at risk)","SH.SGR.IRSK.ZS","","","","","","","","","","","","","","","","","","","","","","","","","","","","","","","","","","","","","","","","","","","","0","0","0","0","0","0","0","0","0","0","0","0","0","0","0","0","0","0",
"Sweden","SWE","Risk of impoverishing expenditure for surgical care (% of people at risk)","SH.SGR.IRSK.ZS","","","","","","","","","","","","","","","","","","","","","","","","","","","","","","","","","","","","","","","","","","","","0","0","0","0","0","0","0","0","0","0","0","0","0","0","0","0","0","0",
"Eswatini","SWZ","Risk of impoverishing expenditure for surgical care (% of people at risk)","SH.SGR.IRSK.ZS","","","","","","","","","","","","","","","","","","","","","","","","","","","","","","","","","","","","","","","","","","","","","","","","","","","","","","","","","","","","","",
"Sint Maarten (Dutch part)","SXM","Risk of impoverishing expenditure for surgical care (% of people at risk)","SH.SGR.IRSK.ZS","","","","","","","","","","","","","","","","","","","","","","","","","","","","","","","","","","","","","","","","","","","","","","","","","","","","","","","","","","","","","",
"Seychelles","SYC","Risk of impoverishing expenditure for surgical care (% of people at risk)","SH.SGR.IRSK.ZS","","","","","","","","","","","","","","","","","","","","","","","","","","","","","","","","","","","","","","","","","","","","","","","","","","","","","","6.6","4","4","3.8","3.4","3.2","2.9","2.6",
"Syrian Arab Republic","SYR","Risk of impoverishing expenditure for surgical care (% of people at risk)","SH.SGR.IRSK.ZS","","","","","","","","","","","","","","","","","","","","","","","","","","","","","","","","","","","","","","","","","","","","","22.6","23.3","24","25.1","25.3","24.8","26.3","23.6","23","21.8","20.1","17.8","17.9","15.1","15.1","14.6","14",
"Turks and Caicos Islands","TCA","Risk of impoverishing expenditure for surgical care (% of people at risk)","SH.SGR.IRSK.ZS","","","","","","","","","","","","","","","","","","","","","","","","","","","","","","","","","","","","","","","","","","","","","","","","","","","","","","","","","","","","","",
"Chad","TCD","Risk of impoverishing expenditure for surgical care (% of people at risk)","SH.SGR.IRSK.ZS","","","","","","","","","","","","","","","","","","","","","","","","","","","","","","","","","","","","","","","","","","","","5.3","11.7","21.6","39.2","60.1","61.8","57","56.1","58","54.7","52.2","51.5","52.7","55.9","59.1","58.9","60.5","60.4",
"East Asia & Pacific (IDA & IBRD countries)","TEA","Risk of impoverishing expenditure for surgical care (% of people at risk)","SH.SGR.IRSK.ZS","","","","","","","","","","","","","","","","","","","","","","","","","","","","","","","","","","","","","","","","","","","","45.1966976193356","42.6392254665584","39.7406497395648","36.9637397718958","34.129457309723","32.6613945842618","29.1695905687888","27.2256347212538","24.4093945810821","21.4698454959381","17.1789168660763","16.2060405241619","13.6665033993277","12.3655447162644","11.2807609780942","9.6420875347158","8.8057908389931","7.96014036951009",
"Europe & Central Asia (IDA & IBRD countries)","TEC","Risk of impoverishing expenditure for surgical care (% of people at risk)","SH.SGR.IRSK.ZS","","","","","","","","","","","","","","","","","","","","","","","","","","","","","","","","","","","","","","","","","","","","20.5054061238435","15.9366263787587","15.3484959350212","12.1265233508929","10.7472211032556","9.53398254659241","8.89573743613341","8.46030201803515","7.58317010560708","7.14652392056511","6.77290533919787","6.09795486675553","6.31678969688864","5.88117526321843","5.55654304051895","5.30912448111574","5.13515237406811","4.87102937032516",
"Togo","TGO","Risk of impoverishing expenditure for surgical care (% of people at risk)","SH.SGR.IRSK.ZS","","","","","","","","","","","","","","","","","","","","","","","","","","","","","","","","","","","","","","","","","","","","","","","76.7","76.2","76.1","76.6","74.6","75.3","75.5","75","72.9","72.4","71.5","71.9","71.7","71","68.9",
"Thailand","THA","Risk of impoverishing expenditure for surgical care (% of people at risk)","SH.SGR.IRSK.ZS","","","","","","","","","","","","","","","","","","","","","","","","","","","","","","","","","","","","","","","","","","","","16.7","16.4","16.1","14","11.4","10.7","10.5","9.8","8","8.6","7.1","7","6.1","6.2","5.7","5","4.7","4",
"Tajikistan","TJK","Risk of impoverishing expenditure for surgical care (% of people at risk)","SH.SGR.IRSK.ZS","","","","","","","","","","","","","","","","","","","","","","","","","","","","","","","","","","","","","","","","","","","","64.5","61.4","59.1","55.9","53.1","50.2","51.7","49.1","43","45.3","43.8","41.3","42.9","41.4","41.9","41.3","40.1","38.9",
"Turkmenistan","TKM","Risk of impoverishing expenditure for surgical care (% of people at risk)","SH.SGR.IRSK.ZS","","","","","","","","","","","","","","","","","","","","","","","","","","","","","","","","","","","","","","","","","","","","61","55.6","48.4","42.8","36.4","32.7","26.7","22.5","19.2","16.5","13.4","11.2","9.7","8","6.4","5.3","4.3","3.5",
"Latin America & the Caribbean (IDA & IBRD countries)","TLA","Risk of impoverishing expenditure for surgical care (% of people at risk)","SH.SGR.IRSK.ZS","","","","","","","","","","","","","","","","","","","","","","","","","","","","","","","","","","","","","","","","","","","","19.8833447241319","19.6031481708628","18.5433707775624","17.4814746837869","16.2681273167413","15.3170017135239","14.6377564909816","13.6144627469272","12.5654432390599","13.4745978466066","13.1101318868855","12.3362226466069","12.2938531814292","12.2452337618912","11.8806198576395","11.8797296595098","12.0265183753575","11.7597435364438",
"Timor-Leste","TLS","Risk of impoverishing expenditure for surgical care (% of people at risk)","SH.SGR.IRSK.ZS","","","","","","","","","","","","","","","","","","","","","","","","","","","","","","","","","","","","","","","","","","","","53.5","58.2","58.1","57.3","62.9","68.9","62.7","59.3","61.6","58.1","57.4","55.3","54.1","56.2","52","53.2","51.9","49.1",
"Middle East & North Africa (IDA & IBRD countries)","TMN","Risk of impoverishing expenditure for surgical care (% of people at risk)","SH.SGR.IRSK.ZS","","","","","","","","","","","","","","","","","","","","","","","","","","","","","","","","","","","","","","","","","","","","","22.841968781161","22.3891133976835","19.9911788439631","18.8319278688016","18.250265832386","16.6143685570744","16.2972012364494","14.2363869762593","13.7430788758886","12.0216677352427","11.9299083760094","12.468827820227","12.5974236935167","11.8211151051445","11.7503867868085","11.3159480624941","10.7746546673997",
"Tonga","TON","Risk of impoverishing expenditure for surgical care (% of people at risk)","SH.SGR.IRSK.ZS","","","","","","","","","","","","","","","","","","","","","","","","","","","","","","","","","","","","","","","","","","","","","","","","5.2","","","","","","","","","","","","","",
"South Asia (IDA & IBRD)","TSA","Risk of impoverishing expenditure for surgical care (% of people at risk)","SH.SGR.IRSK.ZS","","","","","","","","","","","","","","","","","","","","","","","","","","","","","","","","","","","","","","","","","","","","64.7338887052099","63.0686137271299","60.7821647769147","58.9226698468859","56.2653977678683","54.1747510360476","53.3761091681955","50.3493849181831","46.2925147932546","46.6855914924251","41.0547572023223","38.6681957200804","38.2153510694696","36.2370595579083","33.3367970280555","30.5615748132212","29.8043148384728","27.2332300011355",
"Sub-Saharan Africa (IDA & IBRD countries)","TSS","Risk of impoverishing expenditure for surgical care (% of people at risk)","SH.SGR.IRSK.ZS","","","","","","","","","","","","","","","","","","","","","","","","","","","","","","","","","","","","","","","","","","","","","55.4953622600827","","","53.540712293882","54.6152594752422","53.9614155716497","53.0543864474555","53.4086927375534","52.8550587366015","50.8779558036703","51.0347155321861","49.868670483376","50.886207421574","51.2201952463574","49.1864899826118","48.8090171601995","49.0629088715406",
"Trinidad and Tobago","TTO","Risk of impoverishing expenditure for surgical care (% of people at risk)","SH.SGR.IRSK.ZS","","","","","","","","","","","","","","","","","","","","","","","","","","","","","","","","","","","","","","","","","","","","","","","","","","","","","","","","","","","","","",
"Tunisia","TUN","Risk of impoverishing expenditure for surgical care (% of people at risk)","SH.SGR.IRSK.ZS","","","","","","","","","","","","","","","","","","","","","","","","","","","","","","","","","","","","","","","","","","","","16.8","16.3","12.8","12.5","10.4","10","8.7","6.5","5.4","4.8","3.7","3.6","1.5","1.5","1.2","1.1","0.9","0.8",
"Turkey","TUR","Risk of impoverishing expenditure for surgical care (% of people at risk)","SH.SGR.IRSK.ZS","","","","","","","","","","","","","","","","","","","","","","","","","","","","","","","","","","","","","","","","","","","","4.4","3.5","3.7","2.2","1.7","1.9","2","1.8","1.7","1.8","1.6","2","2.6","1.9","1.7","1.9","1.9","1.8",
"Tuvalu","TUV","Risk of impoverishing expenditure for surgical care (% of people at risk)","SH.SGR.IRSK.ZS","","","","","","","","","","","","","","","","","","","","","","","","","","","","","","","","","","","","","","","","","","","","","","","","","","","","","","","","","","","","","",
"Tanzania","TZA","Risk of impoverishing expenditure for surgical care (% of people at risk)","SH.SGR.IRSK.ZS","","","","","","","","","","","","","","","","","","","","","","","","","","","","","","","","","","","","","","","","","","","","85.8","85","84.2","81.4","77.9","80.6","81","78.2","74.3","75.9","77.6","75.4","73.5","74.3","74.2","75.9","74.4","73.6",
"Uganda","UGA","Risk of impoverishing expenditure for surgical care (% of people at risk)","SH.SGR.IRSK.ZS","","","","","","","","","","","","","","","","","","","","","","","","","","","","","","","","","","","","","","","","","","","","82.4","83.6","83.8","83.9","80","80.4","75.9","74.2","74.2","73.9","73.7","74.5","72.1","72.3","72.8","70.9","72","68.7",
"Ukraine","UKR","Risk of impoverishing expenditure for surgical care (% of people at risk)","SH.SGR.IRSK.ZS","","","","","","","","","","","","","","","","","","","","","","","","","","","","","","","","","","","","","","","","","","","","21.2","16.1","12.6","9.3","4.6","2.7","3.7","2.4","1.5","1.1","0.9","1.3","3.6","3.2","2","1.7","1.3","0.8",
"Upper middle income","UMC","Risk of impoverishing expenditure for surgical care (% of people at risk)","SH.SGR.IRSK.ZS","","","","","","","","","","","","","","","","","","","","","","","","","","","","","","","","","","","","","","","","","","","","37.0858014529818","34.4771333246025","32.4003067339353","29.4610478443843","26.7423033492625","25.4151369744416","22.7035824291608","20.8011273654304","17.969877039982","16.0579742164028","12.7260987734528","11.9930950537156","10.3279035482921","9.56220816256208","8.90430496851038","7.78754350210956","7.28707150431774","6.90147538827336",
"Uruguay","URY","Risk of impoverishing expenditure for surgical care (% of people at risk)","SH.SGR.IRSK.ZS","","","","","","","","","","","","","","","","","","","","","","","","","","","","","","","","","","","","","","","","","","","","7.9","8.7","7.8","8.3","8.2","6.3","6.4","4.9","3.3","2.1","2.2","1.8","2","1.8","1.7","1.6","1.6","1.7",
"United States","USA","Risk of impoverishing expenditure for surgical care (% of people at risk)","SH.SGR.IRSK.ZS","","","","","","","","","","","","","","","","","","","","","","","","","","","","","","","","","","","","","","","","","","","","0.2","0.2","0.2","0.2","0.2","0.2","0.2","0.2","0.2","0.2","0.2","0.2","0.2","0.2","0.2","0.2","0.2","0.2",
"Uzbekistan","UZB","Risk of impoverishing expenditure for surgical care (% of people at risk)","SH.SGR.IRSK.ZS","","","","","","","","","","","","","","","","","","","","","","","","","","","","","","","","","","","","","","","","","","","","87","83.7","79.1","73.7","70.5","67.6","59.7","57.6","51.8","47.4","43.6","37.3","34.1","32.3","31","29.1","26.8","24.9",
"St. Vincent and the Grenadines","VCT","Risk of impoverishing expenditure for surgical care (% of people at risk)","SH.SGR.IRSK.ZS","","","","","","","","","","","","","","","","","","","","","","","","","","","","","","","","","","","","","","","","","","","","","","","","","","","","","","","","","","","","","",
"Venezuela, RB","VEN","Risk of impoverishing expenditure for surgical care (% of people at risk)","SH.SGR.IRSK.ZS","","","","","","","","","","","","","","","","","","","","","","","","","","","","","","","","","","","","","","","","","","","","16.7","17.2","18.3","10.2","8.8","8.8","9.5","9.6","9","8.5","8.2","8.9","9.1","9.3","10.1","10.6","11.4","11.5",
"British Virgin Islands","VGB","Risk of impoverishing expenditure for surgical care (% of people at risk)","SH.SGR.IRSK.ZS","","","","","","","","","","","","","","","","","","","","","","","","","","","","","","","","","","","","","","","","","","","","","","","","","","","","","","","","","","","","","",
"Virgin Islands (U.S.)","VIR","Risk of impoverishing expenditure for surgical care (% of people at risk)","SH.SGR.IRSK.ZS","","","","","","","","","","","","","","","","","","","","","","","","","","","","","","","","","","","","","","","","","","","","","","","","","","","","","","","","","","","","","",
"Vietnam","VNM","Risk of impoverishing expenditure for surgical care (% of people at risk)","SH.SGR.IRSK.ZS","","","","","","","","","","","","","","","","","","","","","","","","","","","","","","","","","","","","","","","","","","","","63.6","59.2","57.5","53.6","49.3","47.6","44.8","45.1","44.3","39.4","36.3","34.8","30.9","29.7","26.3","24.9","22.5","19.1",
"Vanuatu","VUT","Risk of impoverishing expenditure for surgical care (% of people at risk)","SH.SGR.IRSK.ZS","","","","","","","","","","","","","","","","","","","","","","","","","","","","","","","","","","","","","","","","","","","","","","","","","","","16.3","16.3","16.6","15.8","15.6","15.4","15.6","15.2","14.3","15","13.3",
"World","WLD","Risk of impoverishing expenditure for surgical care (% of people at risk)","SH.SGR.IRSK.ZS","","","","","","","","","","","","","","","","","","","","","","","","","","","","","","","","","","","","","","","","","","","","40.2434323468923","38.5239969164385","37.4326498644907","35.2269598072629","33.1586092907444","31.4655481998798","30.2039471239234","28.7426704324847","26.7982868597811","26.0655800620081","23.1569347127063","22.2395393199235","21.3923160558558","20.6102485364798","19.6164711153744","18.4002108076202","18.0473596042968","17.1812313386781",
"Samoa","WSM","Risk of impoverishing expenditure for surgical care (% of people at risk)","SH.SGR.IRSK.ZS","","","","","","","","","","","","","","","","","","","","","","","","","","","","","","","","","","","","","","","","","","","","","","","","","","","","","","","","","","","","","",
"Kosovo","XKX","Risk of impoverishing expenditure for surgical care (% of people at risk)","SH.SGR.IRSK.ZS","","","","","","","","","","","","","","","","","","","","","","","","","","","","","","","","","","","","","","","","","","","","","","","","","","","","","","","","","","","","","",
"Yemen, Rep.","YEM","Risk of impoverishing expenditure for surgical care (% of people at risk)","SH.SGR.IRSK.ZS","","","","","","","","","","","","","","","","","","","","","","","","","","","","","","","","","","","","","","","","","","","","","","","","","","","","","","","","","","","","","",
"South Africa","ZAF","Risk of impoverishing expenditure for surgical care (% of people at risk)","SH.SGR.IRSK.ZS","","","","","","","","","","","","","","","","","","","","","","","","","","","","","","","","","","","","","","","","","","","","23.5","23.5","31.7","31.4","30","27.8","28.5","27.3","27.1","26.9","27","27.3","27.4","27.4","27","27.5","27.4","27.5",
"Zambia","ZMB","Risk of impoverishing expenditure for surgical care (% of people at risk)","SH.SGR.IRSK.ZS","","","","","","","","","","","","","","","","","","","","","","","","","","","","","","","","","","","","","","","","","","","","","","","","","","","","","","","","","","","","","",
"Zimbabwe","ZWE","Risk of impoverishing expenditure for surgical care (% of people at risk)","SH.SGR.IRSK.ZS","","","","","","","","","","","","","","","","","","","","","","","","","","","","","","","","","","","","","","","","","","","","","","","","","","","","","","","","","","","","","",
